PRT_ID,SALES_PRICE
P04842,11831413.073207833
P02216,11115469.744499287
P01666,5561723.051567266
P00220,13556284.195637649
P09713,7410218.724101255
P02965,5519937.12073517
P09001,8754943.808695044
P09379,8555923.216349617
P05767,14354916.422530813
P08170,17982909.978944022
P04102,6906902.273591859
P02503,12948941.573828539
P06640,9696705.723931916
P00141,20872746.615641948
P01602,13096139.399950568
P01518,21295123.045089222
P05295,9358770.153080275
P07377,10440154.933034271
P08674,13154755.143446725
P10023,14620812.913349515
P01625,11538630.939100493
P08964,12440788.303503113
P07807,10954736.844048167
P09273,10272524.139088565
P07278,8136194.960876219
P09914,8625232.231794294
P05946,20476610.07860588
P03785,5488472.304263505
P00066,8033121.349324729
P01268,19810499.850739237
P01055,13064067.969068443
P00082,12199071.556377485
P03944,13128789.185336882
P01939,8386224.347332941
P00666,7719574.530166846
P05306,9376123.523679914
P01500,5860156.400506172
P02160,8344798.216523398
P02591,7545910.352242466
P07839,11997848.373914119
P00152,14995663.105014544
P06019,12282898.860111069
P03149,6873169.338514274
P03328,5979417.328540937
P07689,7532735.903529372
P09147,13817907.590518307
P05229,9729756.984674882
P07161,11016260.349389233
P04142,10031534.74383837
P01896,7169187.922764642
P04528,11046274.136474052
P01865,7437173.275077613
P00187,7739731.226023203
P06449,5307551.632982407
P06132,12038924.21560587
P04129,18133293.671746552
P03751,11178089.723068427
P06127,4082200.428264994
P02445,8402113.702729335
P00425,8701941.602709688
P05043,9180917.03438168
P02008,11794328.504479455
P08056,11910630.675167946
P02687,7913723.277875394
P03372,7510549.170499917
P06944,14265987.989258552
P02671,8658182.397007544
P04783,11881049.53697801
P06912,7249378.96467682
P08221,12606280.327897068
P09793,10415412.071465451
P02858,13662130.524101408
P07101,14386900.598455636
P05576,13020666.015668396
P06173,11854237.130667228
P07113,12968414.200515598
P09969,9520769.573002324
P08738,9592854.583574524
P01585,14900519.986761235
P03760,6081228.406215375
P09116,21093357.8443605
P03510,8896049.95440242
P04122,9407368.038232604
P05409,20158399.34768629
P02774,4451626.685737242
P05064,8729196.243560148
P02073,19651787.074309126
P06398,14160177.610125251
P03610,14097429.412087057
P05535,5168021.428227225
P06417,10335411.530435361
P02815,17171977.55947585
P03666,4701125.159530579
P03781,11844122.331356885
P05185,10007683.844639331
P03140,5111604.551441666
P00156,8319445.583013499
P00212,10238223.865692582
P08284,8972655.300821831
P04507,13321248.903907139
P04879,7686732.776150197
P07878,10397801.341398068
P09888,12581753.401797427
P00317,14449411.980854744
P07100,20355070.449671887
P09813,9002898.043762594
P00375,6261052.019938564
P09250,13127521.693203226
P03789,11354455.02577833
P06067,7731380.270333549
P06011,6264679.346466719
P03423,12260880.110137764
P00360,10103277.095757382
P04146,7734420.123657871
P09555,12268219.433820326
P06106,9017836.720235866
P08037,9979718.68527546
P01988,7052382.475107538
P05370,7260067.28919708
P01635,6706421.902191013
P06596,11991540.86811385
P09491,13580111.91733273
P04317,14394337.71627439
P01812,13119179.937176043
P04519,18703440.050638575
P08020,9061425.837487932
P05344,8915028.070778381
P07177,12777868.822591953
P03917,9910608.121869382
P08469,7360456.350628944
P06734,15441263.595215518
P08443,12863110.050829094
P06407,7893502.088359952
P03998,7127672.831827434
P09654,10303046.893429931
P03394,8150730.744358325
P04804,9190726.31585075
P07061,13579409.973451108
P05707,11463865.529403998
P01356,9964939.747744452
P08867,10942722.747858282
P07346,9160056.356438123
P09337,16713295.77801216
P00778,8096298.226271147
P09670,8627369.20849201
P01934,3935898.9882761873
P04522,8454551.09533374
P02715,11648688.023955278
P01456,8078022.577350479
P08160,8326060.304752246
P04022,11809860.138169196
P06926,18242723.605700575
P02488,11391473.7030393
P01952,8508405.553034056
P06867,10474118.233737184
P08246,8789030.557524774
P07829,11499024.958317054
P06308,11075684.411861189
P05825,13440913.428952817
P09107,14987027.386094086
P05230,9211511.384796245
P05874,6114245.66278921
P03790,14703319.025742278
P06466,9693828.483279873
P06843,9364712.88863741
P06753,13429425.78279836
P02210,8498980.611505508
P04076,13280660.025954058
P03103,8809984.515217355
P09420,9540893.706063036
P00590,14427036.32248681
P08891,10152915.952882754
P09329,12320032.203434233
P08393,5797800.235135166
P08869,15180794.704971302
P03020,2978728.534682789
P06776,6945119.344001021
P08838,13550247.9718064
P08203,12136120.979326451
P08600,8982405.557514299
P04837,6416915.90263791
P01627,8573369.769551339
P06684,11039257.055860601
P00345,12055907.952980394
P08337,12742328.72531507
P00868,11942016.25884803
P08289,17109180.192141734
P09297,9517391.489140885
P01983,9997964.572669098
P07912,13881631.544276595
P01687,14265516.75406884
P06133,10625886.222269552
P03681,17969092.766700782
P02404,7182499.578816356
P00623,12048006.690907335
P08394,6878029.726944972
P04694,9572553.852064036
P08901,8112850.714938784
P08584,10134515.337000534
P04241,7743220.626689546
P03562,8355898.0087275505
P08360,11490941.395823045
P09815,16196829.378829923
P01912,13844217.556467324
P07368,13895460.863550603
P03612,7670080.059614139
P09385,10415393.511273835
P07102,7166375.264387466
P04216,8586004.043427661
P01345,14233924.779160973
P06422,6005708.837934857
P07125,13271011.936198603
P03267,9860891.427063566
P08707,18914037.746661145
P06859,12968853.116487429
P07737,17095690.769394863
P06386,9618267.590441454
P09807,13731718.159497393
P04335,7862475.027938472
P01777,17248130.889395125
P07802,8972636.376640344
P04109,8638913.328742314
P06945,8108125.725733776
P02393,15525281.37556485
P03617,11908345.773007195
P03213,7943412.234932017
P01125,7558283.092824478
P08602,18359359.38478923
P02760,14452203.418074328
P09952,12285839.08132373
P09203,11931058.85813805
P05557,12140682.435879465
P04471,22003364.396479182
P01597,3305312.834055571
P03127,10366279.964478478
P00944,17217871.711279545
P09318,15878378.94028199
P00703,8177914.669837093
P05488,8503217.862360206
P04019,10765921.8405287
P08827,11483329.473468848
P03982,11850735.185346827
P05489,10641951.23849757
P01738,9968034.602167703
P00560,12431338.500815172
P01477,13057650.941807048
P03311,7568260.159545602
P01552,11067854.36749011
P00311,11806791.322638929
P09433,9770248.083682403
P09429,10249159.597318748
P02845,13963581.6387379
P07598,8482057.643143218
P01840,18121193.881884098
P05350,13056197.910697687
P04462,14019598.73364498
P03825,6985865.48020513
P06512,7663251.450580262
P05316,13429455.185194915
P01205,15155829.775816496
P05134,10986577.465916032
P06925,11579505.62853569
P00115,9303020.757408272
P07993,13677120.758985007
P03399,5498227.893058061
P00612,8881906.354216909
P09743,8885852.447383229
P03431,8544743.99878414
P00988,12939922.241711006
P04250,12749718.35251558
P03822,17750317.51158479
P08690,11853640.900425745
P00180,12195350.223162584
P02461,13447092.536959646
P04525,9183154.6678467
P02915,7410481.50775658
P06996,10857636.723367307
P04031,20635793.558115162
P06062,4601958.174132535
P07668,6184203.071752893
P06326,8570543.342934486
P01807,12974286.296568558
P07155,19205554.513514772
P09090,11959088.993030597
P09411,21712394.624122284
P09164,7585537.671628032
P04628,8663652.7274798
P06533,17312516.543061778
P09876,10344712.076248446
P01227,13836259.403548209
P09738,14641525.98649539
P05761,16463127.085080221
P05289,6679370.157382822
P06334,5354204.756542665
P00165,9361801.857320338
P00338,15272129.228395443
P06168,9950302.590603566
P09140,11037692.262038697
P04892,10241803.484733496
P04865,4274463.4667332545
P02249,8786996.096306384
P08257,9454526.519845856
P04844,8505323.333256707
P01413,7879035.524906451
P02770,9759543.767988022
P07867,14345295.2185783
P08657,15700081.145404957
P03898,12717125.42862305
P00902,13754109.598667176
P03566,14554625.35427469
P03606,13782849.625372881
P05446,7338777.14602183
P00726,10162065.734918915
P00431,20883139.58762609
P04961,13618165.682395061
P02388,8801739.84997556
P08566,7132368.042626213
P06556,11027926.110671436
P00812,15494776.22807838
P05715,8148881.772433508
P02290,9683127.328865897
P08329,6804140.606495809
P05584,21872771.28306634
P08693,14115471.42803782
P04073,6123931.198172031
P02163,16481297.531938937
P00959,13545230.93295231
P09991,6968383.4465498105
P05589,8740324.520532332
P03703,8768876.371217972
P04432,9017596.437435064
P00625,8428977.747096187
P00169,13485308.505527515
P05171,7303999.701160507
P07332,7748922.81444223
P07597,9288500.556216177
P07800,8081594.889653707
P09618,9662459.640910823
P01360,7426581.5920166075
P08865,13140614.28335698
P05786,8883099.04126237
P06257,11287355.479616743
P00720,14102458.851174135
P03882,4845546.745514248
P06895,13287086.698319597
P03310,9242876.272529263
P04048,10558035.434136532
P04836,4718065.583501049
P01408,13951002.390059346
P05591,15526330.035649206
P07798,14252933.967355212
P04724,8302586.925263055
P07565,18974788.958986927
P05105,9404416.06504634
P06836,13781099.422471087
P02674,16617837.928745922
P05312,8578263.661951633
P04082,19527433.37458834
P00498,10433658.760769906
P03418,17200613.470091913
P06922,10734768.285048155
P02217,7227609.280915219
P06414,6702721.3497411795
P00201,12598863.73365355
P09664,9068768.398674399
P05665,6644842.889875304
P05413,12540462.792118352
P09190,14726903.141016383
P09304,14025932.466556665
P09292,9920688.292227164
P05299,9212227.005022325
P08229,7095021.7920831125
P06164,11812926.216928922
P04299,4208324.042755374
P02385,16049085.668827396
P05018,10022205.828864692
P04053,11913932.078648161
P09390,12039865.48644294
P04729,8991341.10037034
P02608,7825411.519569486
P01244,18761486.20518021
P09707,7820271.503274405
P04393,8176137.483800322
P03897,9328815.674268128
P03457,19861743.124475267
P07072,11945808.910806917
P00190,9541317.262147255
P05835,14719497.60163431
P08712,12839508.460102102
P01911,8397500.197018288
P07827,12427038.885552749
P04577,6467745.398460044
P07306,17829043.65331405
P05069,7179621.553109495
P01082,8594819.549474753
P06891,9788960.308746023
P09826,14888438.76445913
P03132,7390474.1048788875
P07989,11301616.539946217
P01041,11934538.254333366
P06901,7745035.45066306
P09088,8672354.277327422
P06673,11319614.676633388
P01667,6414621.039639048
P00331,8158011.405171091
P08820,9530552.602385934
P04899,10964908.009118797
P07297,13476793.315400401
P03153,5131878.437782787
P04673,4583184.207489643
P01174,10232573.718852602
P06631,5009162.2049685735
P03091,10123209.87962745
P09396,11797410.348466437
P07765,11251750.270993998
P09843,10682305.720602298
P09446,6794983.282251846
P07312,13940085.162032837
P06463,16843094.58005382
P04569,15634616.642530248
P09068,20123150.960062984
P07759,14569146.81032219
P03476,9815854.162393738
P03987,11011520.58677967
P02988,5625816.978616434
P00922,13019158.692724273
P08753,10729464.510456864
P09590,10551015.227509268
P06109,9838980.358943999
P02980,5076559.955454823
P05473,6412849.91755617
P08529,14231570.54631446
P06791,6816440.6303722225
P07112,12497959.174333071
P07447,12121436.363469526
P01243,13933287.26843036
P00237,9044400.352362663
P07105,12207480.443701921
P02641,15201603.22228764
P08798,8425567.91068834
P08148,11911140.489142075
P03873,9445870.464120883
P05401,9825030.819895951
P02532,8244242.557850119
P00628,13168864.527259527
P07990,6497973.646925883
P07649,15737802.300925653
P00776,6463818.527868137
P10034,8591889.574810304
P04977,8622296.62677542
P00789,13850327.631654846
P00636,5839784.155394253
P08308,13155813.199767357
P05202,10502163.41957936
P04324,9013783.900737884
P09221,6194594.38413174
P09847,11058523.287305694
P05819,7035524.403826019
P00048,19655774.367015198
P04830,6542673.469843201
P03815,5338558.700033566
P09188,15533454.81031663
P06516,7536715.167993624
P00701,8643185.401707232
P03806,11492871.014448237
P08055,11061792.073359434
P07789,9783392.76270073
P03348,9162980.362867624
P05275,7872392.917681789
P06273,8956608.58542639
P07428,8584273.19613195
P05849,10825863.546225712
P05525,5310176.496821193
P09802,9324340.212887678
P05356,10190980.361608472
P07539,13473588.339525707
P05981,11074285.936959874
P05955,8159151.732639609
P09031,4490559.730705238
P06979,8825368.805096475
P07145,14690302.989284512
P08119,8809260.089514785
P05817,10484624.320410937
P03232,10736307.25370542
P04863,5881296.547967965
P02581,7918730.597983681
P00713,10402660.315556914
P03065,7710173.531990146
P06441,11794527.081308115
P02377,11864380.683269106
P07263,8191479.853584819
P01770,6965638.8016968705
P01102,13715211.906810872
P01617,10268106.134369649
P01188,11021012.512589168
P05726,6053075.512895444
P06999,8938619.990154391
P08011,6369874.456119652
P07850,10957820.147268126
P06026,8042291.405570492
P00916,8586188.20355242
P06616,14763417.17934469
P06817,5932633.79869988
P06683,9562994.751450999
P00009,6767312.627974832
P04270,13944869.686730778
P05586,5867978.642168297
P06266,15771352.335597165
P08730,7984744.668190816
P02838,9622587.542937443
P07270,13883809.874179393
P07679,20040398.471254125
P00948,12364601.889269873
P07526,8740210.994629782
P06704,9479023.38493139
P00219,12479116.35699005
P06853,19677153.91788274
P05217,6445974.468701214
P03797,9435317.382770222
P09544,11281429.339003718
P08361,6927057.810880378
P09397,14337082.289629802
P06317,11783927.44411727
P05997,10709647.370163737
P05540,10222221.32181718
P08966,18398017.214813165
P00305,9719732.638093682
P03157,7314537.825972427
P00699,9679384.013339922
P06736,16710900.375293192
P08526,14847790.535647377
P06287,4684875.156266775
P01931,12240008.019335678
P02239,5264271.305257012
P00252,13690647.25801995
P09128,8588537.005517568
P02542,12302422.547278063
P00779,11875954.744342277
P09947,10123076.862000525
P01802,9567021.509951005
P01235,13402975.838496115
P01722,10038721.083465012
P02994,5353376.910399487
P08312,10514807.531138923
P03808,9755574.910046581
P01209,11068543.400030054
P01315,7953832.792521294
P02494,7109068.07827515
P09530,9052015.478969414
P06001,8394749.265057474
P01445,11499802.231589206
P07257,13212952.467872702
P05940,8960912.592209503
P09650,10300524.41917518
P04472,5736393.617793824
P06518,14252960.476053208
P00139,18186753.32342198
P05250,8330850.140952427
P01339,22539260.050732754
P06314,10158340.833099457
P05254,12596484.512066556
P04510,15321296.68214722
P00036,7510279.9858040735
P07241,13372488.543527072
P07633,9654993.76291024
P02876,11447558.091410216
P01998,14013734.75297707
P02162,6774489.115701761
P08214,13023487.481989708
P06933,8253347.296141
P01374,14028714.836287046
P03875,9784967.276879849
P04543,11534222.707413776
P06915,13859518.279122515
P00840,13339296.093307728
P05529,16626619.470487583
P08306,12397020.100942004
P05342,5119224.577489718
P01628,6472327.814997816
P06125,12186054.17675868
P09854,10488737.930399612
P05389,9706308.25033465
P05348,8584474.932813417
P02425,12237250.3462996
P00421,12768315.658685248
P00167,9782780.196452303
P05868,8230135.570356298
P04298,4578918.778977115
P05622,4694505.241251827
P07545,11709415.176035795
P09823,10281988.375374004
P07222,11485355.406984996
P09066,11829707.842026398
P05085,12665710.210596468
P03228,5154113.814214053
P04103,14479313.029676951
P02604,8466497.817287583
P09557,7722561.260268528
P07558,10238096.156563349
P08466,11603208.377561532
P03551,14753901.48823648
P03049,5085684.321754927
P01519,14392171.706708739
P07051,13492032.034456128
P00994,14860260.559072275
P09484,6752423.75698879
P00021,11609490.251765393
P05534,7400547.421241606
P02898,13480604.352866873
P01051,12312657.921076838
P07726,13964655.8654499
P06150,10158400.524772547
P01929,7739990.744745983
P03710,11071915.424204823
P06435,5513384.226504695
P06858,14305061.389285564
P00391,18303574.69340107
P03154,11545427.5595216
P06902,13112261.36412972
P00143,11743745.664008109
P02977,12608191.30968315
P06681,8809501.777420633
P01599,12655603.513515346
P04045,7082007.693969263
P05703,9011923.83302351
P08587,8976096.724021811
P01609,11547135.332775906
P01615,13097898.190997886
P05377,4347758.524524324
P09344,12387606.507785428
P01978,8868667.896509733
P03874,8317251.288282961
P08079,11352040.841539323
P08310,9838479.477773538
P07698,15038562.855164748
P05579,8146553.0803467
P09516,8656553.242757836
P07588,8587470.743130874
P09846,15756028.957050424
P03889,13645740.685842264
P06908,7449632.678762928
P04948,9910368.298266351
P04751,5900194.964826628
P09415,7365384.111078445
P00329,8575495.228613371
P07745,9058688.927530188
P00016,9058180.909758475
P05564,11728789.621693337
P06699,10460284.246240191
P01285,9108480.204828123
P05506,9746789.37409266
P02746,8412504.368704764
P02126,9792615.118856363
P02041,7020633.436719621
P04643,8981163.453758456
P00877,7754461.449217686
P02423,9042890.23340802
P07418,10130801.875177449
P00580,8767645.876853729
P01546,10119546.617571317
P01135,8179448.416022612
P05515,7309975.877426771
P06565,4374502.724142759
P06983,17942108.55153086
P06328,15739753.558101326
P09643,9491473.01519056
P06186,7865501.757922249
P07448,9916966.556591723
P08245,12964865.024630489
P06156,8477291.825934347
P07518,15980309.533697922
P01736,10003077.796136033
P06910,9512986.593236659
P04248,8153876.5748182535
P05045,7012549.603926063
P00937,9047775.842207864
P07183,9520067.24911236
P00760,7177217.269832781
P03921,14876577.634764388
P02012,20625020.015273042
P02660,11045413.245198317
P09272,10037541.037400585
P08983,23197887.400365826
P01824,9556810.030490745
P04252,6523380.591288684
P03930,7219356.778536666
P08109,14205273.509802071
P01487,7778062.333710181
P05078,8037368.811895035
P09418,13072724.329378828
P07593,10621109.42452325
P04033,14327373.772033457
P03453,8973358.957914904
P05958,19314481.219119716
P05465,14967563.793738436
P03776,10143933.244086174
P09585,16228791.658769742
P05418,12863657.07749217
P04275,11173831.990354642
P06724,10803410.05585036
P06131,12566731.14405379
P09906,8034498.103058511
P02990,5486074.885357655
P07369,17215703.396174185
P02558,3574300.239077024
P02232,3884660.741243705
P01475,17471460.39320589
P06989,17240753.459610347
P03550,18344715.764532816
P05502,2738664.513858781
P00443,8708347.170109708
P09619,9281049.438901076
P08835,12592679.486328786
P09684,11223296.67648769
P06215,11466938.465050906
P05666,9405878.236057527
P06793,11263196.662379397
P05812,9956942.646897009
P00261,19657050.325041726
P03934,10590250.035323465
P01616,14363093.841949955
P07461,7475141.915543605
P01963,9542810.30906084
P03736,12788492.904408412
P07283,7893546.160289822
P03963,9520203.33813891
P04157,10835041.23576204
P09956,8028110.261914616
P07420,9422670.03809257
P00831,11737187.751649518
P02583,10093056.922571983
P07408,10228984.948503176
P01471,11550191.484964563
P05691,9050103.179101951
P07128,9351692.239440776
P09104,13480265.880001042
P05466,14129025.705684638
P08350,8215687.31729123
P07364,9971458.427904002
P03336,11286690.379083162
P07868,6902301.400922159
P07980,10096865.677839927
P00913,15650349.543718215
P00550,8304009.832156431
P04786,9432177.991857909
P04071,8345543.085663382
P05231,6450366.890859105
P07579,7340047.483273383
P05095,6638773.656180711
P01854,12691372.50097005
P06838,10165588.760397965
P01212,8298803.647072993
P04874,5847395.284459369
P01449,12958963.037617376
P01662,4845245.50140566
P03779,14662090.463183053
P04410,10702971.661489706
P06899,8254710.67575131
P02740,10680890.81599195
P08561,6527319.540163403
P05656,6604838.677779552
P07760,10253021.179026075
P00638,13817737.097238831
P07303,9820368.946867064
P02378,13956136.992893998
P08969,5295843.834514443
P03498,7105554.2838407345
P09736,10001321.190785943
P08896,9833039.446373262
P03512,7648492.396540191
P08819,6797307.0348427
P09309,9622517.509773303
P08994,11427661.322684795
P09143,12628325.377476001
P00299,9384981.634832237
P09038,9705411.99413037
P05247,10282811.560096487
P05523,9525485.969461426
P07153,5061348.635788108
P05966,11270203.006352479
P09601,8126430.617964674
P09179,6464047.885793263
P04505,5774912.692744702
P05055,4095386.357979291
P01644,11142038.633424254
P04622,8538691.067696791
P06519,12133402.2907889
P06016,5227850.263297365
P03732,9694343.058939843
P09712,9876672.493401576
P06177,5760450.256779293
P09739,16257771.144223966
P04246,4812873.363796382
P06018,9071937.787767526
P06625,9567283.453718292
P01201,12850534.124343209
P06513,14245230.047205469
P05578,7262504.811858753
P05883,3495207.6005712766
P00537,8576700.360216027
P06974,13834687.917262582
P02417,9269688.684945922
P07458,10189874.00791762
P02744,11849998.061892563
P02419,12214081.05144851
P05094,14062922.026961552
P08537,12096608.65075451
P08433,8121928.371181846
P02905,15811735.514996592
P08326,12991262.136267358
P05478,7544530.819230795
P09591,16071609.48511064
P03397,11487227.988043958
P00107,10503375.898268294
P00729,6553479.25813571
P06189,11068225.002199946
P00709,9242254.28701522
P03255,15633043.997156914
P08442,11780699.48173945
P02857,8854622.739555646
P01264,13140136.409591638
P03536,8808998.92807614
P08053,12519877.388195278
P07845,13540450.212049995
P02487,13052529.300608162
P07756,12408412.461904999
P07424,7551600.783013042
P07519,10323170.322395343
P09151,7662686.556568086
P03273,8755095.803460458
P08559,10808855.055482594
P05693,10423824.61235281
P08178,11238580.899793843
P02362,4647979.968793577
P03929,5888403.564111943
P01606,9997582.808996355
P01810,9873922.0104213
P04414,13375645.908357784
P02863,11005129.674263427
P00343,8002731.003091259
P00423,11028979.980249546
P06750,8462785.419712553
P06622,8278230.657630676
P03365,11252909.203535028
P08411,8932990.012907682
P06259,11640796.360780116
P09332,11918052.184447471
P00195,20279387.872168
P00604,14323510.153660946
P05096,8904112.34536813
P01941,7135019.043242151
P08942,8837662.745363558
P05611,16896147.203234114
P01695,14053695.258826675
P04095,5320491.464590931
P03019,5572031.581955671
P06460,8931842.214965452
P07386,11236288.973922845
P04882,15965376.09593093
P07038,15297837.254551586
P01060,11402841.12714573
P07560,9268299.55195556
P02480,18980872.80315271
P03787,7999969.737803575
P03033,10032418.101447912
P05304,12240244.653308667
P07147,7990612.874930238
P03709,14454162.848943513
P03818,9016032.693244874
P01481,6074664.396574756
P01226,20275716.277084712
P00861,14137194.726594247
P02954,10531740.08359139
P08206,6838350.346612591
P05775,7198872.062538618
P04283,10767214.755678875
P03727,8024790.680868264
P00753,9111603.413631808
P06531,10486998.145895952
P04389,17561829.136030532
P06770,9747785.504488131
P00845,11929357.584982093
P06781,13163727.164221842
P06500,14491948.217534576
P00472,20386810.70079715
P03102,7368490.544568652
P00977,19341582.589018404
P09512,7752474.201700835
P00035,8229245.455371778
P02441,8217563.467170643
P02902,8551486.497226631
P04139,6643362.911314145
P01775,14140154.241806613
P01383,13895095.241129821
P10033,7311467.718894709
P04862,6025467.7814448625
P05537,13650152.80286812
P00535,13275211.41740413
P03836,12181068.110550934
P09114,10890253.490050536
P08318,13275869.757564591
P02140,8420343.02648173
P07141,8585631.370925743
P09948,13566862.419032658
P03573,9301515.051364273
P06370,10123115.363395672
P09578,10063294.75581871
P03256,14793435.671980247
P00869,12607853.705641745
P04699,16510561.859210938
P07055,8618567.671630632
P00122,19057039.96239556
P01250,9038705.674333608
P00134,19622605.123612314
P03586,14411415.049172219
P04793,10449164.596475981
P00413,8939054.549508033
P06022,11997848.522702508
P06376,8696506.55557468
P05358,15399776.212929554
P02350,6573255.524773141
P06990,9154051.045545993
P04765,19852572.72520402
P00414,10671195.56255668
P01427,10344751.525284706
P00963,6031115.488341666
P08824,12241823.344772182
P08002,8971358.921710636
P08624,12371388.308942309
P01384,13075261.996941693
P05315,12750946.659738671
P05518,6505595.009995002
P03115,12269421.763296667
P07508,8647903.888005985
P06572,6306926.159203652
P03026,12919433.004353635
P01661,8865019.393891037
P08450,7010046.147422502
P03906,10042658.737514425
P06744,17368017.66616799
P02995,7132601.916880127
P05914,9249906.670686636
P07120,12977077.04649917
P07647,17057850.795352038
P04785,12744511.172555326
P09541,20604655.41108747
P01837,8438678.63047132
P02113,6640148.243786512
P04607,10596301.282604802
P03560,7462934.963579804
P04790,11039998.22385263
P09771,9431248.643277682
P02828,7856558.089009229
P03025,7039183.884024439
P06043,14633360.252523627
P08292,12861212.830346223
P05941,8792296.23937698
P04040,8215962.607854562
P03517,18741791.272521447
P08728,12236380.45588237
P02940,3931806.8024361636
P03556,8010432.275586516
P02155,6318579.459447622
P07224,10598900.914103588
P09867,9702098.377333125
P08781,10574814.176333003
P03448,15060514.390115615
P03645,10113151.318971254
P04534,13600673.100338724
P00810,13028235.587305428
P02440,7427921.668845538
P03008,6050389.319919299
P08651,6204503.532202082
P01534,17622606.900245473
P03625,10796484.1623945
P03995,14028910.197858816
P02906,7846051.306146644
P07078,9610421.005839238
P02279,5158821.599706907
P05760,16285836.423517812
P04903,6171236.412387294
P02530,6997150.864818884
P00097,9110263.204088423
P03237,7237511.0423407275
P08199,13725869.032005766
P05762,5730855.488238518
P06913,8942926.331718655
P08317,9334860.744097516
P01964,7765416.548016533
P09653,8230406.211189631
P07935,10998900.545326617
P06689,14425608.7973127
P03116,12235521.668259574
P03946,11765537.140532881
P09696,12239877.178749438
P04663,8469327.94876622
P07194,11453320.153990665
P06269,11666934.035941416
P09506,15596994.333175603
P05321,11592371.060447453
P00637,12395279.04363682
P09908,14059716.760389682
P03931,13505166.376599822
P05905,8376878.871331416
P09901,14251880.147991562
P09404,10206213.557950512
P07181,12617393.230192443
P06438,5695644.643324035
P09520,7113253.22833699
P04911,9940826.29320053
P00617,9003670.013769582
P10002,14298783.69067892
P05014,7191693.437129032
P09825,8985692.803830398
P04303,9694616.884219605
P07218,11396228.846277365
P09213,20899168.868026886
P08808,8193845.617285445
P05357,10851810.077023149
P07988,20751531.111311547
P02504,7813196.695604343
P09394,12594048.08992435
P04630,9454596.315896709
P07823,9560117.818309478
P02799,8031794.772283517
P04385,14132950.688971996
P08540,8413227.351320442
P09392,12608079.470104191
P03352,15127946.93079903
P05327,4867293.192150389
P09628,10503716.074417565
P08156,9170820.898846049
P01592,8037546.315809213
P09098,14283192.044535886
P05961,8933969.088546418
P09059,8329339.261022717
P07812,7017338.58229503
P07880,14142298.91438292
P06236,9777466.335871823
P02424,9834858.074132271
P06482,14310095.51201555
P05508,11346971.158890909
P05765,7620059.556521922
P03885,12093737.88558274
P07456,13231407.520140901
P03665,20470474.728995524
P03506,9804277.539593479
P07540,8270580.015842544
P08421,8409292.223781306
P05386,6503453.997680362
P07781,6769380.827235727
P05667,6731180.540179549
P09503,14676881.640053546
P07156,12846181.740560845
P01091,11558324.607560735
P01982,6092005.719671646
P06048,10322578.903359413
P02506,11934014.216562219
P07497,16590534.276584342
P06196,11332142.212362923
P03747,10327150.576724555
P06478,6870091.331530135
P00860,14262457.349453593
P06549,11820250.948948191
P04234,11195268.234642033
P07459,5634131.144994589
P01670,10695910.727130111
P00453,10263324.214287642
P09918,7862897.615797417
P04818,13292640.740400556
P06379,11522895.209541121
P08518,12660894.733496075
P00480,7658645.447190031
P06978,8342206.672029935
P06582,7827622.0740242
P06589,20827909.412713047
P09855,12320703.847375523
P02516,18530273.69770526
P08030,18923760.008298233
P04271,12515187.236060657
P01179,6425394.4549831245
P02664,20047651.888986453
P05567,6406181.920721872
P05658,20523328.3750512
P05298,5687571.925209789
P08115,8936220.75571661
P03663,3920496.778837975
P09625,7905141.880421782
P03207,9769970.595387867
P08711,8171031.352047231
P07444,8879156.987112707
P07795,12827358.410931783
P09977,6927602.335218752
P08832,13733140.00971561
P02097,7440357.321719531
P02637,10595770.72398774
P00747,19428705.315616526
P08576,17853609.437435847
P06413,9888757.937172512
P02644,9537273.26462385
P08947,15464896.4873734
P04388,6087614.955430133
P06210,7341094.498398446
P02749,18290971.695410367
P01846,7612887.022747552
P09911,9576238.622649314
P09414,7979613.352358803
P02381,8473579.912580548
P05670,14113919.393769912
P08765,22033631.238477796
P07345,18700005.29923488
P02793,8281615.497550257
P04447,9834983.551126612
P00465,8646530.684924487
P08438,12470686.713232018
P01155,12009975.144075098
P09177,14239140.650299568
P04677,12319541.284349637
P09271,13944720.508943291
P06741,11658084.426399274
P04377,11287718.689207528
P00408,12366918.02654683
P02322,6071842.455080305
P09686,15688057.882265437
P09369,21733191.83371145
P06661,12224712.26899178
P07253,12289714.159470234
P04504,3244286.48903971
P05867,7292909.863932624
P00312,7930453.808125319
P08772,9934437.201990483
P06746,14954819.260125779
P02605,6840008.839809598
P02090,14247449.81598857
P04925,7702539.543958757
P00327,12248136.479554014
P09110,11318415.033763645
P09509,11653372.563328015
P08541,15013090.18588766
P05129,6829135.312342564
P04018,3941609.486120127
P06368,5459782.727679206
P02231,6837155.026204687
P06919,13446301.913309926
P05277,5170696.103404626
P01352,14208381.017541748
P07443,14454978.330640852
P04856,14656095.588119263
P04982,15229090.692770757
P07116,18890038.359378938
P07581,7899054.978264736
P09265,10954694.788805777
P07962,8695314.104313472
P00342,9747069.960725278
P03830,21895346.029960662
P05916,9993611.246656151
P09928,9476711.624571506
P02247,10412397.141071353
P01848,13425061.084958792
P00522,12358977.618863072
P06718,14429063.783171516
P08939,5156886.92382096
P01785,10815217.99758234
P00568,9815008.534223558
P00350,15472758.188863762
P03981,12520655.654846588
P09488,11073183.77786004
P04642,6470935.605131382
P02436,14105952.865059277
P04110,9682690.368335402
P00078,10176441.587901467
P08120,12174116.236355577
P01080,15913350.997349445
P03165,4365193.795993578
P06898,10280932.276421972
P05747,11691597.830338053
P09742,12215037.284743102
P05427,2869348.125663887
P09076,10435311.80674343
P06587,5218301.683057839
P03953,3675622.184674873
P06664,10610441.591801235
P08131,13853448.470204419
P08050,10799520.740811829
P05493,6355730.774831795
P01817,8676042.303915063
P02458,13701646.590062717
P00019,9356546.290036477
P03846,13529537.76647497
P01152,13948061.710203508
P07267,16454831.328013733
P07243,10215065.624227917
P06907,9307305.00902545
P03436,5232877.476606602
P03922,3503978.465685404
P05602,11689614.916271532
P02820,11180157.706312533
P09299,6725220.7487781625
P00723,9779697.357926607
P06367,6300443.842173535
P02455,15667867.89324686
P03111,13593414.685459016
P02811,7879492.661497612
P06762,10052635.614384493
P00854,9352449.729317065
P06761,7693519.319917943
P02553,19820441.686543822
P08201,8322900.831784779
P01589,14156478.387482839
P06374,14434334.672769556
P04391,12043814.976394992
P09057,7874225.863439979
P04383,11612060.310043039
P03493,9238900.035783453
P07277,8066515.846974026
P05415,8264683.499264773
P03640,7858038.072945233
P06341,11882215.949031616
P09964,15967268.095800329
P04826,22031305.648081705
P05528,11470473.321656581
P03037,15424702.552274987
P02577,9388111.73653223
P00499,11903548.173492683
P07070,16109499.428253405
P07863,15094570.335225083
P07373,19236324.94778225
P09137,11660259.23684359
P04113,13070704.249708612
P01254,11135132.805828745
P08516,14059707.692197502
P01694,10629449.398168294
P02108,6492076.971741173
P04914,7099669.216431174
P06824,6231392.667249145
P02769,7204942.864854291
P09370,9437170.736546207
P05203,12038099.984870698
P01323,12401799.332672965
P07873,9846808.475667212
P06217,8930241.731346656
P03737,9045613.92217216
P06992,11938374.974420976
P04885,15694880.517063025
P08237,18043742.175550796
P03196,8840283.608705588
P08141,12285681.259938184
P05191,8442669.263667654
P03408,7387150.245562457
P08911,8316670.221083121
P08217,13405383.935336605
P03233,12437411.759414047
P04598,6507744.260841027
P09663,7371052.363630926
P07626,14811410.834470864
P08159,17371741.01076324
P00939,12351575.396213137
P00402,12966289.441094022
P07605,12852160.375006272
P01286,9300110.683374962
P01469,14020937.027060578
P02194,6402353.645389836
P07926,8739929.827284612
P02030,8537442.786227431
P07144,7465486.8119890075
P04986,11859900.408535313
P01025,12606805.527192254
P06719,14824609.934541915
P06877,8857188.143400379
P06499,12891462.045953143
P09845,7492654.610540187
P00708,10733372.104033323
P00339,8173045.2282242365
P01173,13535362.514443025
P04530,12654141.397078352
P06621,8332705.927691929
P08630,15740344.524386778
P05431,5165470.667056236
P01200,20442489.44195708
P01350,12309018.489590136
P03838,5309200.647697354
P07669,7908669.802362986
P05756,7874092.207488952
P06875,10428446.861474287
P05725,3238197.606791422
P03433,13168567.668928098
P05318,6896749.069108751
P04382,10666221.063492903
P03015,6160003.383929063
P04758,8504428.809340203
P07904,8155268.151486404
P01433,6835040.74386986
P01708,10710502.477845717
P06930,8494447.82252374
P09470,9326909.172627572
P06123,7049247.104857912
P08931,12692752.23213547
P02784,9139458.874198452
P03916,7946403.263008753
P06961,13212340.344783565
P06540,22742612.181889877
P05113,9248589.148490716
P02034,10274908.47785918
P09046,19104880.081463303
P06485,9838092.81840546
P01505,8998893.897071868
P06676,8034329.749429256
P04134,19348951.67007687
P05226,5184254.262690028
P05944,10703777.658203319
P08163,11782452.116908383
P02061,12139669.2559032
P09683,17049060.619438883
P06293,9049494.527366096
P09175,7463003.892023744
P09034,19978763.09751524
P05266,10864446.40264283
P02778,13102441.216490587
P09621,14273485.36032239
P03646,12411431.278920619
P06180,13841305.191676209
P09834,13471817.261296745
P06155,9001891.784833916
P02207,10722056.193736373
P08071,9321745.510299124
P02823,9457421.695285132
P07742,11393606.924082197
P00211,10393224.23683472
P06302,12347257.54925907
P03813,11135138.150313202
P07805,9524971.570007987
P02689,6763880.950706301
P03343,12786953.293204473
P03356,11779600.760347776
P08976,9307355.831591029
P02057,12311193.66290874
P06454,11650336.421812028
P04620,21207025.653761577
P00118,10432463.097463667
P07969,8048908.964695552
P06501,12650476.82463387
P01564,9823568.613717645
P01655,7313065.593607897
P07551,17069253.978017557
P05524,12104230.869510548
P03172,12720233.590351272
P08863,7520829.190639103
P09999,10460118.73233083
P08522,8075379.399875525
P08363,8528924.53101431
P00820,6602746.567848416
P05827,6859749.377030337
P02797,7830506.2945654895
P03925,9825105.518005952
P01818,7617469.056885213
P05790,6708992.394402396
P06401,4472568.366408894
P05412,4775123.550395747
P04140,15605404.189309288
P00634,13992090.48201954
P06301,11080766.902924169
P04624,11594419.869553493
P08047,8926591.961117055
P08358,5599423.567075876
P05701,9694912.422677673
P01525,6598855.416929044
P02531,8978574.30635556
P02082,7658975.95631478
P08464,9459500.707863586
P06628,15230406.690281536
P08743,7723638.733385658
P00929,13394545.523985544
P00467,8964107.180460848
P09885,8194266.777618626
P09959,9714751.337869044
P09199,9271357.729118079
P06826,8169608.6483203545
P03795,11291281.67498366
P06993,8468239.087884247
P04212,5714236.160575129
P09831,8584953.519257102
P05384,8181895.864588933
P06876,13354784.108002938
P04594,10305906.421613038
P09050,10031073.933655683
P04418,11499078.23557617
P06498,10026652.285887642
P08334,6621444.612189317
P07753,17198525.645433273
P05139,8038452.07253998
P05780,11901280.108693931
P02640,12390707.108490072
P09552,11406439.790212506
P01415,10849587.021443699
P00990,6225787.893507841
P08352,14346290.578778323
P00873,16032351.632176958
P03350,10072917.735111564
P08028,9213578.871380297
P05351,12187038.098654862
P01990,5260771.091556585
P04799,9822393.303377757
P08918,6581228.475813935
P05826,12508987.822299996
P07196,7028102.91807011
P02848,21094748.367331475
P05934,5477517.774854468
P08140,7787763.379222311
P00745,12022471.319549661
P03384,5364592.620449735
P04950,5254049.516444604
P06395,4739231.223229129
P00683,13071896.898757558
P04021,12282155.519107856
P03764,12447416.459441826
P04801,11733101.426875632
P05197,10459341.640874814
P09710,13758898.44817597
P04342,7752679.728436774
P07847,13360780.733026206
P06159,7540552.8842924815
P02434,7433598.27369627
P10007,10503773.487534009
P09452,8790433.391177751
P06015,3920593.3741849717
P05963,12460825.568979874
P05970,16448594.460160635
P04959,10762533.260455465
P05267,15306582.753824573
P08142,20120825.625523884
P06577,5237892.315494214
P08085,9513597.302279655
P07972,14861150.645080838
P05239,7935406.06098582
P02513,11967413.648153119
P00487,11449745.335009802
P06937,5690737.461992694
P02595,6619263.511889571
P02241,11549025.843810428
P05580,7559098.288742598
P04384,6588151.05319806
P01892,13253527.722339934
P08247,17954287.350758165
P02587,13434277.404450303
P06588,8303392.911011472
P08504,19717745.441147428
P00508,9221432.517018283
P09197,10708097.883360252
P03416,10493065.43742458
P02976,14905323.246403418
P07511,11734550.177971227
P03279,2987598.9369844794
P06415,7344269.343391227
P00354,14547034.169893451
P03333,11053259.405706711
P07047,10696791.500280501
P05833,4872778.091158213
P02310,5388371.821283799
P02865,3142348.54815883
P06234,8034518.871479686
P00033,8334882.560786542
P09402,11240835.4960794
P02675,8933255.758552989
P07794,8655523.081996135
P01834,4838330.399862576
P08086,8800371.054900877
P04720,7609694.26532408
P00586,9264016.818361178
P02630,12432343.416887429
P01294,9337052.883680109
P06977,15686128.876147565
P06663,12489618.951372229
P00362,12285462.912650902
P06792,14043979.717376523
P01705,6359674.398887172
P02781,10718805.21884917
P07643,11274810.546976846
P00501,7394032.865642244
P01796,7732691.643964872
P06404,9575439.776006937
P02816,9713506.580087159
P05893,10705318.463830957
P06639,9192203.222464621
P05363,5373791.258502924
P04456,11503447.139583105
P05711,13900500.276636733
P04906,5128237.774576301
P05810,8255169.462019693
P07041,11198303.05433796
P03303,12686541.149317173
P04580,18642370.70896053
P00629,13848297.977108933
P01551,15842207.6101534
P04871,13563750.870133441
P08472,8294705.649437096
P00264,7532105.8226393
P01645,10951891.27106383
P08270,14188910.204663366
P04081,8886427.228076851
P08456,10734609.117875548
P05836,10652862.953779068
P00892,13986674.0016723
P00109,13789471.500197649
P08775,11211181.299358062
P07252,9883435.847172614
P09205,12432622.53388203
P07350,8933077.146664852
P06896,9842729.186151825
P04806,4525663.184120251
P02472,13145847.33239613
P09422,9015540.751233567
P02951,5787245.997522456
P01949,6265468.312305031
P02320,7401808.519640068
P08608,11661446.582057461
P07635,11945052.828751981
P03694,14392669.388511617
P07073,15328621.288587056
P09315,14225165.230652893
P09134,8948137.267745618
P07848,8063480.2489256505
P03370,14291091.362688718
P07546,13955792.737578738
P08955,7224060.017938858
P07919,8315484.867743336
P02763,8492225.939266909
P07211,12837195.579478446
P00507,7887907.912490966
P09122,10302227.172479872
P02181,7706367.297935316
P01766,17306241.555382695
P09237,12186208.877057886
P06410,9366739.980780391
P07982,14559763.124997497
P10018,10746528.395226732
P05873,15255510.308701422
P03739,22621251.40208464
P06830,18672583.240956657
P01646,12369230.974552896
P02300,6377327.759198236
P09632,11033364.491883688
P00756,9787869.635536596
P05641,3914461.9369506054
P03748,6611213.18813616
P08535,6008931.310115591
P06722,9845417.546563167
P01545,11368057.243847193
P01816,12804424.68636194
P07660,8764168.609591855
P02296,10876281.945844494
P07446,20378761.111794993
P06705,13724632.85863479
P04872,6493726.261644952
P01693,7783685.721287079
P06771,17395120.711979203
P00888,9095027.08317565
P05736,10581402.103574075
P02801,9410753.097083747
P04179,3938387.4135267716
P03717,12159470.143020298
P08917,20394269.487947077
P05906,10697236.62909134
P01034,8171747.709998414
P09861,10897040.839612588
P09617,13108750.974611495
P05251,10649066.647589961
P02280,6767171.008511744
P03276,8402986.163312454
P09772,10000316.577358752
P05841,13104819.549885964
P01593,22879657.262805127
P02684,5936051.766917131
P06058,13058293.707355356
P07256,17668599.44830894
P03451,4639234.032364495
P03142,5222386.585950546
P07620,7652475.253467567
P08155,11391597.891998196
P07171,17688346.07822375
P02382,8736756.80551714
P00123,12906252.60439943
P02895,10559248.292237382
P07566,10298935.073552545
P02651,9279655.707857477
P05074,6263536.173774189
P05234,10881872.348942362
P02714,7215072.129111098
P08560,9497945.2749668
P03924,15788786.492163505
P01720,10462995.851543967
P00826,8636000.184267951
P08184,15014331.402363557
P08626,13501631.776481386
P05087,12997487.696412725
P00382,14113372.238478882
P09941,8470429.024961531
P01426,10399209.329867126
P07788,10673745.255979314
P00223,7234377.500964886
P09639,9843846.718703063
P04371,12182909.839571143
P05323,12901986.180597603
P09023,7160563.181080986
P03890,12233493.143464554
P09436,12040376.341060882
P04797,12429915.7488179
P08635,9403172.733276568
P00739,11955617.100118715
P05242,15647724.439420395
P04182,13928245.384127762
P04553,7685210.199639013
P04023,9991161.661877071
P01791,13737099.979354292
P08294,13052796.59225204
P01318,8415148.10321776
P03006,3888741.723176562
P07793,18562790.138276637
P05471,9016267.625595473
P04974,8971471.281670868
P05410,11210560.225556865
P01900,7019214.683710305
P05757,9872220.361454306
P01603,17323252.768767025
P05047,9194168.475849796
P01570,5409861.030675074
P07607,11642920.687806945
P07048,13273026.722055502
P03462,14811301.5874824
P08084,9473053.772439435
P06107,10810827.05866906
P09055,12419276.139979536
P03252,6405811.203219106
P07997,15957972.341775857
P04329,21268169.83480385
P02376,7213318.351972239
P06813,8332835.243579356
P04809,6256883.75981191
P07174,12080272.564394573
P01829,12033483.894546337
P00749,13065923.475560406
P08133,17666549.245109066
P05396,10579231.839451319
P03292,9504326.968947066
P07320,12951201.322064742
P03912,10708323.767324977
P04579,11263848.853830507
P03181,6890445.231271155
P02275,10089137.179261325
P06227,9073689.898499833
P09141,10485322.917956393
P06806,14700574.83260628
P09170,7782351.189486608
P08471,14735803.450959483
P04305,5799652.090786222
P09922,9763924.178349629
P07096,21239716.108787023
P00577,13023508.22713827
P05837,8509217.514654458
P09912,12676893.140788969
P04156,6883213.345961807
P08386,19491676.13673682
P02101,6619416.181773465
P09357,9484674.941961668
P03588,11013432.23101417
P08208,7368188.987042954
P02361,9786537.81258899
P02105,18810184.96784666
P01153,21052599.824387655
P04819,19258802.974554542
P07236,8730008.121168302
P06207,20193092.71311008
P03958,13172419.081764355
P04615,7495846.717302233
P09153,12348706.788447205
P01891,12945498.230580691
P03895,16583250.192820553
P02921,7763060.926594645
P09039,21847711.47226029
P04638,9410634.192217521
P01673,8438849.06639711
P00920,8202774.58647126
P09268,21415662.649062634
P09180,9838634.764495831
P00267,8723370.203732982
P04740,8331425.418102445
P09891,16245064.768603463
P03326,8834443.562252313
P01808,6285017.48941782
P01856,8516207.08232255
P05907,11019244.175012127
P04226,6277379.665057206
P01501,6041153.7504402455
P02588,9232865.948962573
P05117,7896998.193662267
P04523,6769267.839304358
P00962,9870361.20767663
P06594,10489493.28175891
P09291,9452117.841415584
P03210,7850421.868109761
P04984,10494605.443915717
P02702,10880656.28968258
P03754,6074074.475562762
P07634,11469839.16700359
P09248,20643852.21293236
P01495,8436185.842768347
P02737,5235922.055138967
P05565,9962980.850622134
P10015,8351919.258613577
P01070,8310789.754977552
P08234,12049695.057293376
P04695,11242452.013009261
P01476,13179012.845657177
P03902,10362309.472906698
P02363,16585941.529572375
P03845,8375231.82880896
P05437,14015232.699235577
P07058,8014889.883335989
P08644,13137323.580666844
P00176,22287453.607075803
P00210,13642883.89977177
P05063,8894916.75347956
P08496,17615446.747444123
P03162,12345343.350999756
P07053,12458313.180475188
P03569,6334045.39814608
P09501,12090274.073592557
P04119,13285093.793035854
P09067,14851620.524228513
P09314,12727149.158987341
P09573,9940403.789335847
P07528,8412226.52413607
P09056,19914812.967684314
P06337,7858590.884849139
P07612,14222091.980249828
P08479,7776384.668563709
P00085,12300813.202781532
P02332,7521076.94770637
P02718,10789162.92579325
P00483,17848579.557270363
P07379,13883838.53875127
P02153,7078744.957201466
P07304,5964902.894132308
P00965,9484982.462153528
P04605,11985504.513851881
P02721,8424623.922712041
P02228,13076848.13974092
P03542,13100603.101688478
P09094,9497248.938776417
P03623,8689549.968194284
P03271,12358302.262184072
P05015,7033389.752672192
P04682,7031214.909395345
P04942,14174868.667266019
P00562,13047896.630378036
P05285,20510017.1555811
P03847,6983477.667931471
P05992,13022364.794695683
P01424,15259595.812636595
P01742,13895376.005394112
P00908,10221695.747778561
P09368,10210822.191127114
P08755,6811539.932408849
P09529,9783222.089089982
P05654,11054401.760430422
P04565,20105380.09179995
P08305,14503913.277196841
P02264,9427411.311119208
P02914,19475166.354754515
P04125,12082161.893250618
P01771,11466348.882821623
P07080,10909359.667991467
P00259,9001706.993004858
P03455,20877859.513086524
P04060,13242894.345308645
P01826,6899934.914096342
P05328,10269254.383652667
P04112,7629777.658720013
P04402,5751155.692560684
